order_id,user_id,category,amount,order_status,order_date
ORD-0001,user_857,패션,311000,완료,2025-09-04
ORD-0002,user_418,패션,392000,완료,2025-07-12
ORD-0003,user_459,패션,319000,완료,2025-08-30
ORD-0004,user_850,뷰티,73000,취소,2025-09-01
ORD-0005,user_964,전자기기,364000,취소,2025-08-29
ORD-0006,user_976,식품,284000,완료,2025-08-25
ORD-0007,user_522,식품,374000,반품,2025-09-03
ORD-0008,user_828,뷰티,330000,반품,2025-09-12
ORD-0009,user_979,전자기기,496000,완료,2025-08-04
ORD-0010,user_248,패션,187000,완료,2025-08-06
ORD-0011,user_140,전자기기,132000,완료,2025-09-28
ORD-0012,user_175,뷰티,455000,완료,2025-08-07
ORD-0013,user_167,식품,196000,취소,2025-09-09
ORD-0014,user_546,식품,425000,완료,2025-07-04
ORD-0015,user_479,식품,342000,완료,2025-09-30
ORD-0016,user_248,전자기기,285000,완료,2025-07-25
ORD-0017,user_214,식품,216000,완료,2025-07-07
ORD-0018,user_686,홈리빙,150000,취소,2025-07-30
ORD-0019,user_179,전자기기,70000,완료,2025-09-21
ORD-0020,user_543,전자기기,432000,완료,2025-08-14
ORD-0021,user_570,전자기기,317000,완료,2025-07-19
ORD-0022,user_454,전자기기,379000,취소,2025-09-03
ORD-0023,user_131,전자기기,344000,완료,2025-07-26
ORD-0024,user_877,전자기기,271000,완료,2025-07-20
ORD-0025,user_523,뷰티,305000,완료,2025-09-19
ORD-0026,user_804,뷰티,394000,완료,2025-09-03
ORD-0027,user_266,식품,428000,완료,2025-08-13
ORD-0028,user_146,전자기기,275000,취소,2025-08-04
ORD-0029,user_849,식품,407000,완료,2025-09-15
ORD-0030,user_489,식품,298000,완료,2025-09-18
ORD-0031,user_446,뷰티,76000,완료,2025-09-23
ORD-0032,user_430,홈리빙,178000,완료,2025-09-20
ORD-0033,user_134,뷰티,467000,완료,2025-08-20
ORD-0034,user_424,전자기기,80000,취소,2025-08-07
ORD-0035,user_450,전자기기,63000,완료,2025-07-29
ORD-0036,user_724,식품,114000,완료,2025-08-04
ORD-0037,user_901,홈리빙,387000,완료,2025-07-27
ORD-0038,user_596,홈리빙,280000,완료,2025-08-31
ORD-0039,user_497,전자기기,137000,완료,2025-07-25
ORD-0040,user_580,패션,295000,완료,2025-07-14
ORD-0041,user_768,패션,172000,취소,2025-08-29
ORD-0042,user_941,식품,363000,취소,2025-09-12
ORD-0043,user_365,홈리빙,420000,완료,2025-08-17
ORD-0044,user_187,패션,478000,완료,2025-07-09
ORD-0045,user_822,뷰티,81000,취소,2025-08-10
ORD-0046,user_756,전자기기,181000,완료,2025-07-28
ORD-0047,user_219,뷰티,347000,완료,2025-09-09
ORD-0048,user_219,패션,75000,취소,2025-07-13
ORD-0049,user_392,홈리빙,284000,취소,2025-08-10
ORD-0050,user_170,패션,368000,취소,2025-07-09
ORD-0051,user_262,뷰티,21000,완료,2025-07-21
ORD-0052,user_475,홈리빙,196000,완료,2025-08-20
ORD-0053,user_485,식품,337000,반품,2025-09-24
ORD-0054,user_699,뷰티,190000,취소,2025-07-01
ORD-0055,user_122,패션,492000,완료,2025-07-25
ORD-0056,user_989,전자기기,131000,반품,2025-07-04
ORD-0057,user_117,패션,118000,취소,2025-09-14
ORD-0058,user_461,뷰티,24000,완료,2025-08-08
ORD-0059,user_393,뷰티,288000,취소,2025-09-24
ORD-0060,user_946,뷰티,78000,반품,2025-08-08
ORD-0061,user_627,홈리빙,406000,취소,2025-09-07
ORD-0062,user_887,전자기기,21000,완료,2025-08-22
ORD-0063,user_158,뷰티,429000,취소,2025-07-02
ORD-0064,user_267,패션,350000,반품,2025-09-21
ORD-0065,user_477,패션,497000,반품,2025-07-25
ORD-0066,user_449,홈리빙,327000,취소,2025-09-19
ORD-0067,user_721,식품,171000,취소,2025-09-01
ORD-0068,user_399,패션,77000,취소,2025-07-06
ORD-0069,user_386,전자기기,481000,완료,2025-08-24
ORD-0070,user_381,패션,272000,완료,2025-08-01
ORD-0071,user_810,홈리빙,456000,반품,2025-09-13
ORD-0072,user_541,뷰티,44000,완료,2025-09-06
ORD-0073,user_182,뷰티,177000,완료,2025-07-31
ORD-0074,user_429,뷰티,200000,완료,2025-07-23
ORD-0075,user_703,전자기기,66000,완료,2025-08-10
ORD-0076,user_321,패션,193000,취소,2025-08-19
ORD-0077,user_113,홈리빙,432000,완료,2025-09-07
ORD-0078,user_660,전자기기,339000,취소,2025-09-22
ORD-0079,user_998,패션,16000,완료,2025-07-16
ORD-0080,user_316,식품,216000,반품,2025-07-31
ORD-0081,user_926,뷰티,250000,완료,2025-07-18
ORD-0082,user_124,뷰티,33000,취소,2025-08-06
ORD-0083,user_522,전자기기,429000,취소,2025-08-27
ORD-0084,user_224,전자기기,390000,취소,2025-07-20
ORD-0085,user_298,패션,342000,완료,2025-08-31
ORD-0086,user_288,전자기기,196000,완료,2025-09-01
ORD-0087,user_648,뷰티,422000,완료,2025-09-21
ORD-0088,user_239,식품,331000,반품,2025-08-03
ORD-0089,user_763,뷰티,401000,반품,2025-07-28
ORD-0090,user_520,홈리빙,463000,완료,2025-09-05
ORD-0091,user_118,패션,83000,완료,2025-07-20
ORD-0092,user_551,홈리빙,78000,취소,2025-08-15
ORD-0093,user_137,식품,475000,완료,2025-07-06
ORD-0094,user_359,식품,304000,완료,2025-07-14
ORD-0095,user_876,전자기기,228000,취소,2025-08-07
ORD-0096,user_396,패션,408000,완료,2025-07-19
ORD-0097,user_888,패션,417000,완료,2025-08-02
ORD-0098,user_343,뷰티,130000,완료,2025-07-11
ORD-0099,user_260,전자기기,315000,완료,2025-07-03
ORD-0100,user_112,전자기기,193000,완료,2025-07-13
ORD-0101,user_178,뷰티,391000,완료,2025-07-24
ORD-0102,user_413,전자기기,120000,취소,2025-09-28
ORD-0103,user_776,전자기기,390000,취소,2025-07-19
ORD-0104,user_335,전자기기,336000,완료,2025-07-22
ORD-0105,user_566,뷰티,14000,취소,2025-07-01
ORD-0106,user_531,전자기기,428000,완료,2025-08-10
ORD-0107,user_278,식품,95000,완료,2025-09-10
ORD-0108,user_785,뷰티,274000,완료,2025-09-14
ORD-0109,user_331,식품,23000,완료,2025-08-07
ORD-0110,user_608,뷰티,71000,완료,2025-07-02
ORD-0111,user_354,전자기기,77000,취소,2025-09-22
ORD-0112,user_910,식품,71000,완료,2025-09-03
ORD-0113,user_945,전자기기,438000,완료,2025-07-10
ORD-0114,user_869,홈리빙,352000,취소,2025-07-22
ORD-0115,user_225,식품,327000,취소,2025-07-04
ORD-0116,user_693,홈리빙,231000,완료,2025-09-20
ORD-0117,user_947,전자기기,323000,완료,2025-09-07
ORD-0118,user_190,전자기기,186000,반품,2025-07-10
ORD-0119,user_313,식품,118000,취소,2025-08-24
ORD-0120,user_939,패션,34000,완료,2025-07-28
ORD-0121,user_593,홈리빙,453000,완료,2025-09-10
ORD-0122,user_716,뷰티,474000,완료,2025-08-31
ORD-0123,user_619,전자기기,294000,완료,2025-08-04
ORD-0124,user_324,뷰티,93000,완료,2025-07-23
ORD-0125,user_947,홈리빙,48000,완료,2025-09-01
ORD-0126,user_255,전자기기,134000,완료,2025-09-16
ORD-0127,user_611,패션,253000,완료,2025-07-25
ORD-0128,user_696,뷰티,34000,반품,2025-08-30
ORD-0129,user_156,홈리빙,337000,취소,2025-07-13
ORD-0130,user_544,홈리빙,351000,완료,2025-08-06
ORD-0131,user_136,패션,497000,완료,2025-07-12
ORD-0132,user_812,홈리빙,186000,완료,2025-07-15
ORD-0133,user_948,뷰티,315000,완료,2025-07-14
ORD-0134,user_911,식품,85000,완료,2025-08-13
ORD-0135,user_587,패션,257000,완료,2025-07-23
ORD-0136,user_166,패션,485000,완료,2025-07-06
ORD-0137,user_266,패션,312000,완료,2025-07-20
ORD-0138,user_345,패션,36000,완료,2025-07-27
ORD-0139,user_662,홈리빙,267000,완료,2025-08-05
ORD-0140,user_976,뷰티,444000,취소,2025-08-08
ORD-0141,user_347,식품,64000,완료,2025-07-25
ORD-0142,user_804,패션,91000,완료,2025-07-10
ORD-0143,user_863,전자기기,102000,완료,2025-08-15
ORD-0144,user_356,뷰티,194000,완료,2025-08-03
ORD-0145,user_278,뷰티,172000,취소,2025-08-02
ORD-0146,user_707,뷰티,91000,완료,2025-09-02
ORD-0147,user_408,전자기기,221000,완료,2025-09-18
ORD-0148,user_372,식품,36000,반품,2025-08-14
ORD-0149,user_548,뷰티,322000,완료,2025-07-09
ORD-0150,user_871,패션,47000,완료,2025-09-05
ORD-0151,user_462,홈리빙,212000,완료,2025-08-22
ORD-0152,user_225,뷰티,478000,완료,2025-09-13
ORD-0153,user_785,식품,164000,완료,2025-09-27
ORD-0154,user_438,식품,320000,반품,2025-08-26
ORD-0155,user_928,뷰티,208000,완료,2025-08-20
ORD-0156,user_632,전자기기,383000,완료,2025-07-02
ORD-0157,user_831,홈리빙,101000,완료,2025-08-09
ORD-0158,user_496,뷰티,234000,완료,2025-08-01
ORD-0159,user_459,뷰티,368000,반품,2025-07-16
ORD-0160,user_538,식품,390000,완료,2025-09-21
ORD-0161,user_526,뷰티,419000,완료,2025-07-06
ORD-0162,user_776,전자기기,398000,취소,2025-07-23
ORD-0163,user_167,패션,244000,완료,2025-07-04
ORD-0164,user_727,패션,394000,반품,2025-09-10
ORD-0165,user_521,뷰티,150000,완료,2025-09-25
ORD-0166,user_656,뷰티,204000,완료,2025-09-23
ORD-0167,user_773,식품,90000,반품,2025-09-14
ORD-0168,user_902,패션,260000,취소,2025-08-30
ORD-0169,user_953,전자기기,266000,반품,2025-09-27
ORD-0170,user_560,패션,262000,완료,2025-08-02
ORD-0171,user_123,뷰티,302000,완료,2025-08-30
ORD-0172,user_496,홈리빙,303000,취소,2025-08-04
ORD-0173,user_914,뷰티,178000,취소,2025-09-29
ORD-0174,user_820,식품,486000,완료,2025-07-23
ORD-0175,user_223,전자기기,321000,완료,2025-08-06
ORD-0176,user_456,전자기기,422000,완료,2025-09-23
ORD-0177,user_783,홈리빙,483000,완료,2025-07-19
ORD-0178,user_158,패션,54000,취소,2025-07-24
ORD-0179,user_814,전자기기,470000,완료,2025-07-25
ORD-0180,user_990,홈리빙,360000,완료,2025-07-20
ORD-0181,user_265,뷰티,431000,반품,2025-09-14
ORD-0182,user_298,홈리빙,348000,반품,2025-07-07
ORD-0183,user_659,전자기기,34000,완료,2025-09-13
ORD-0184,user_100,식품,327000,완료,2025-08-21
ORD-0185,user_764,패션,368000,완료,2025-09-13
ORD-0186,user_370,전자기기,138000,완료,2025-08-10
ORD-0187,user_758,전자기기,468000,완료,2025-09-11
ORD-0188,user_349,식품,167000,완료,2025-09-21
ORD-0189,user_231,패션,393000,완료,2025-08-22
ORD-0190,user_313,뷰티,43000,취소,2025-07-25
ORD-0191,user_214,패션,88000,취소,2025-08-09
ORD-0192,user_612,패션,101000,취소,2025-07-18
ORD-0193,user_108,뷰티,81000,취소,2025-07-06
ORD-0194,user_261,홈리빙,404000,완료,2025-07-08
ORD-0195,user_388,뷰티,171000,완료,2025-07-12
ORD-0196,user_202,홈리빙,369000,취소,2025-07-24
ORD-0197,user_727,식품,372000,반품,2025-08-14
ORD-0198,user_737,전자기기,203000,완료,2025-09-09
ORD-0199,user_514,전자기기,297000,완료,2025-08-03
ORD-0200,user_999,홈리빙,124000,완료,2025-08-11
ORD-0201,user_203,패션,366000,완료,2025-07-07
ORD-0202,user_678,식품,211000,취소,2025-07-19
ORD-0203,user_585,식품,438000,완료,2025-07-29
ORD-0204,user_175,뷰티,65000,완료,2025-09-04
ORD-0205,user_156,뷰티,409000,완료,2025-08-10
ORD-0206,user_717,뷰티,192000,취소,2025-08-03
ORD-0207,user_492,식품,88000,취소,2025-07-23
ORD-0208,user_499,뷰티,319000,완료,2025-07-17
ORD-0209,user_239,식품,436000,완료,2025-08-07
ORD-0210,user_861,전자기기,55000,완료,2025-08-08
ORD-0211,user_346,패션,21000,완료,2025-07-18
ORD-0212,user_214,전자기기,256000,취소,2025-08-19
ORD-0213,user_350,패션,427000,반품,2025-08-23
ORD-0214,user_375,홈리빙,252000,취소,2025-09-16
ORD-0215,user_883,홈리빙,407000,완료,2025-07-19
ORD-0216,user_294,패션,328000,완료,2025-08-23
ORD-0217,user_241,전자기기,83000,완료,2025-07-09
ORD-0218,user_895,전자기기,328000,완료,2025-09-07
ORD-0219,user_223,식품,261000,반품,2025-08-27
ORD-0220,user_112,식품,280000,취소,2025-09-10
ORD-0221,user_371,전자기기,470000,완료,2025-08-29
ORD-0222,user_896,식품,257000,취소,2025-07-08
ORD-0223,user_809,전자기기,385000,완료,2025-07-27
ORD-0224,user_438,전자기기,494000,반품,2025-08-06
ORD-0225,user_558,뷰티,175000,완료,2025-08-06
ORD-0226,user_294,패션,77000,완료,2025-08-08
ORD-0227,user_481,전자기기,174000,완료,2025-08-26
ORD-0228,user_809,전자기기,345000,취소,2025-08-28
ORD-0229,user_732,홈리빙,79000,완료,2025-07-27
ORD-0230,user_746,뷰티,25000,완료,2025-09-27
ORD-0231,user_455,전자기기,469000,취소,2025-07-04
ORD-0232,user_689,전자기기,383000,취소,2025-07-06
ORD-0233,user_620,식품,42000,완료,2025-07-01
ORD-0234,user_649,식품,164000,완료,2025-07-07
ORD-0235,user_683,뷰티,149000,취소,2025-09-24
ORD-0236,user_845,뷰티,161000,완료,2025-09-02
ORD-0237,user_998,전자기기,73000,취소,2025-09-12
ORD-0238,user_420,뷰티,269000,완료,2025-08-26
ORD-0239,user_478,식품,212000,완료,2025-08-11
ORD-0240,user_437,식품,122000,완료,2025-09-04
ORD-0241,user_399,홈리빙,92000,취소,2025-08-24
ORD-0242,user_244,전자기기,310000,완료,2025-09-02
ORD-0243,user_926,패션,496000,반품,2025-08-25
ORD-0244,user_772,전자기기,170000,취소,2025-09-12
ORD-0245,user_404,홈리빙,395000,완료,2025-09-30
ORD-0246,user_194,식품,412000,완료,2025-09-25
ORD-0247,user_799,식품,311000,취소,2025-08-27
ORD-0248,user_774,전자기기,170000,완료,2025-09-11
ORD-0249,user_753,뷰티,88000,완료,2025-08-29
ORD-0250,user_873,패션,350000,완료,2025-07-19
ORD-0251,user_587,뷰티,30000,반품,2025-09-26
ORD-0252,user_375,패션,285000,완료,2025-09-04
ORD-0253,user_524,뷰티,410000,완료,2025-07-09
ORD-0254,user_611,홈리빙,120000,완료,2025-09-16
ORD-0255,user_194,식품,269000,취소,2025-08-07
ORD-0256,user_849,홈리빙,331000,완료,2025-07-20
ORD-0257,user_951,홈리빙,51000,완료,2025-07-19
ORD-0258,user_727,홈리빙,397000,완료,2025-07-04
ORD-0259,user_508,뷰티,188000,반품,2025-07-03
ORD-0260,user_468,식품,412000,완료,2025-08-10
ORD-0261,user_356,패션,129000,완료,2025-09-07
ORD-0262,user_229,식품,474000,완료,2025-08-25
ORD-0263,user_690,패션,317000,완료,2025-08-15
ORD-0264,user_759,뷰티,35000,완료,2025-09-14
ORD-0265,user_483,패션,142000,완료,2025-08-04
ORD-0266,user_344,패션,73000,반품,2025-07-19
ORD-0267,user_614,식품,80000,완료,2025-08-19
ORD-0268,user_341,홈리빙,250000,완료,2025-08-07
ORD-0269,user_958,전자기기,79000,반품,2025-09-30
ORD-0270,user_178,식품,96000,완료,2025-07-31
ORD-0271,user_643,식품,32000,반품,2025-08-29
ORD-0272,user_585,홈리빙,410000,완료,2025-08-13
ORD-0273,user_747,전자기기,339000,취소,2025-07-28
ORD-0274,user_259,식품,380000,완료,2025-09-24
ORD-0275,user_764,전자기기,58000,취소,2025-09-14
ORD-0276,user_748,홈리빙,451000,완료,2025-08-04
ORD-0277,user_986,전자기기,333000,반품,2025-08-25
ORD-0278,user_282,패션,129000,반품,2025-08-20
ORD-0279,user_562,식품,55000,완료,2025-08-28
ORD-0280,user_704,식품,449000,완료,2025-07-01
ORD-0281,user_107,홈리빙,179000,취소,2025-08-13
ORD-0282,user_660,패션,82000,완료,2025-08-13
ORD-0283,user_395,패션,219000,완료,2025-09-06
ORD-0284,user_336,식품,420000,완료,2025-09-27
ORD-0285,user_148,식품,493000,취소,2025-09-02
ORD-0286,user_371,전자기기,175000,취소,2025-08-12
ORD-0287,user_419,홈리빙,189000,완료,2025-09-01
ORD-0288,user_251,전자기기,468000,완료,2025-08-22
ORD-0289,user_393,패션,216000,완료,2025-08-01
ORD-0290,user_388,식품,168000,완료,2025-09-15
ORD-0291,user_613,홈리빙,81000,완료,2025-08-25
ORD-0292,user_917,홈리빙,124000,완료,2025-09-25
ORD-0293,user_907,뷰티,178000,완료,2025-07-20
ORD-0294,user_494,전자기기,231000,반품,2025-08-30
ORD-0295,user_695,뷰티,472000,취소,2025-09-23
ORD-0296,user_538,뷰티,365000,완료,2025-07-23
ORD-0297,user_421,홈리빙,380000,완료,2025-09-19
ORD-0298,user_232,전자기기,115000,완료,2025-09-15
ORD-0299,user_466,식품,70000,완료,2025-07-02
ORD-0300,user_911,홈리빙,343000,완료,2025-08-06
ORD-0301,user_798,홈리빙,266000,반품,2025-09-15
ORD-0302,user_525,전자기기,110000,취소,2025-09-06
ORD-0303,user_381,뷰티,493000,반품,2025-09-22
ORD-0304,user_595,홈리빙,438000,완료,2025-07-31
ORD-0305,user_992,홈리빙,76000,완료,2025-07-18
ORD-0306,user_614,전자기기,205000,완료,2025-07-25
ORD-0307,user_733,패션,407000,완료,2025-07-19
ORD-0308,user_551,패션,195000,완료,2025-09-23
ORD-0309,user_279,패션,271000,완료,2025-08-16
ORD-0310,user_951,식품,471000,완료,2025-09-21
ORD-0311,user_414,뷰티,211000,완료,2025-09-27
ORD-0312,user_646,뷰티,409000,완료,2025-09-04
ORD-0313,user_454,식품,60000,완료,2025-07-24
ORD-0314,user_742,전자기기,396000,취소,2025-07-17
ORD-0315,user_951,전자기기,81000,완료,2025-08-13
ORD-0316,user_801,전자기기,54000,반품,2025-08-20
ORD-0317,user_871,홈리빙,444000,완료,2025-08-19
ORD-0318,user_341,전자기기,394000,완료,2025-07-14
ORD-0319,user_836,식품,247000,완료,2025-09-07
ORD-0320,user_498,뷰티,116000,완료,2025-09-23
ORD-0321,user_283,뷰티,69000,완료,2025-08-03
ORD-0322,user_340,식품,244000,반품,2025-07-17
ORD-0323,user_528,홈리빙,131000,완료,2025-09-07
ORD-0324,user_585,패션,393000,반품,2025-07-14
ORD-0325,user_322,식품,375000,취소,2025-07-01
ORD-0326,user_740,패션,392000,완료,2025-07-20
ORD-0327,user_933,전자기기,51000,완료,2025-07-20
ORD-0328,user_832,식품,110000,완료,2025-07-20
ORD-0329,user_741,전자기기,164000,완료,2025-08-24
ORD-0330,user_172,식품,492000,완료,2025-07-03
ORD-0331,user_700,뷰티,34000,완료,2025-08-31
ORD-0332,user_122,패션,60000,완료,2025-07-26
ORD-0333,user_761,전자기기,308000,반품,2025-08-21
ORD-0334,user_167,전자기기,297000,완료,2025-07-19
ORD-0335,user_465,패션,300000,완료,2025-07-07
ORD-0336,user_337,전자기기,497000,완료,2025-08-01
ORD-0337,user_737,홈리빙,409000,완료,2025-07-13
ORD-0338,user_856,패션,163000,반품,2025-08-18
ORD-0339,user_585,뷰티,397000,완료,2025-08-28
ORD-0340,user_938,패션,247000,취소,2025-07-23
ORD-0341,user_650,전자기기,445000,완료,2025-07-30
ORD-0342,user_574,패션,124000,완료,2025-07-25
ORD-0343,user_624,뷰티,182000,완료,2025-07-15
ORD-0344,user_916,홈리빙,245000,완료,2025-09-27
ORD-0345,user_882,전자기기,198000,완료,2025-08-21
ORD-0346,user_588,식품,140000,완료,2025-09-07
ORD-0347,user_186,패션,477000,완료,2025-08-03
ORD-0348,user_639,식품,308000,완료,2025-07-25
ORD-0349,user_472,홈리빙,479000,완료,2025-08-03
ORD-0350,user_522,패션,348000,취소,2025-09-21
ORD-0351,user_227,전자기기,320000,반품,2025-08-01
ORD-0352,user_888,뷰티,487000,완료,2025-07-17
ORD-0353,user_516,홈리빙,465000,취소,2025-09-05
ORD-0354,user_408,뷰티,498000,반품,2025-09-06
ORD-0355,user_762,뷰티,342000,완료,2025-08-04
ORD-0356,user_345,식품,198000,완료,2025-07-06
ORD-0357,user_920,식품,260000,취소,2025-09-15
ORD-0358,user_259,전자기기,99000,완료,2025-09-12
ORD-0359,user_411,홈리빙,422000,완료,2025-07-06
ORD-0360,user_482,홈리빙,158000,완료,2025-09-22
ORD-0361,user_496,홈리빙,320000,완료,2025-07-12
ORD-0362,user_555,전자기기,363000,완료,2025-07-03
ORD-0363,user_841,식품,200000,완료,2025-07-22
ORD-0364,user_677,뷰티,496000,완료,2025-09-19
ORD-0365,user_926,패션,474000,완료,2025-07-02
ORD-0366,user_729,뷰티,359000,완료,2025-08-14
ORD-0367,user_817,홈리빙,54000,완료,2025-07-20
ORD-0368,user_208,패션,425000,취소,2025-08-12
ORD-0369,user_379,뷰티,485000,취소,2025-08-30
ORD-0370,user_516,패션,421000,완료,2025-09-19
ORD-0371,user_286,패션,52000,취소,2025-07-05
ORD-0372,user_436,식품,328000,완료,2025-09-07
ORD-0373,user_232,홈리빙,333000,완료,2025-07-20
ORD-0374,user_544,식품,115000,완료,2025-08-28
ORD-0375,user_362,홈리빙,91000,완료,2025-08-29
ORD-0376,user_577,식품,291000,완료,2025-07-30
ORD-0377,user_161,식품,41000,완료,2025-08-20
ORD-0378,user_365,뷰티,327000,취소,2025-08-08
ORD-0379,user_774,패션,90000,완료,2025-08-14
ORD-0380,user_949,뷰티,131000,반품,2025-07-16
ORD-0381,user_666,홈리빙,186000,완료,2025-08-09
ORD-0382,user_108,홈리빙,397000,완료,2025-07-12
ORD-0383,user_805,홈리빙,374000,완료,2025-09-07
ORD-0384,user_496,패션,157000,완료,2025-07-30
ORD-0385,user_897,뷰티,339000,완료,2025-09-09
ORD-0386,user_509,전자기기,366000,취소,2025-09-23
ORD-0387,user_394,식품,494000,완료,2025-07-05
ORD-0388,user_172,홈리빙,32000,완료,2025-09-24
ORD-0389,user_110,식품,420000,완료,2025-09-18
ORD-0390,user_199,전자기기,249000,완료,2025-09-13
ORD-0391,user_172,전자기기,281000,완료,2025-07-26
ORD-0392,user_409,홈리빙,405000,완료,2025-08-07
ORD-0393,user_720,뷰티,301000,취소,2025-09-12
ORD-0394,user_659,패션,88000,취소,2025-07-21
ORD-0395,user_305,홈리빙,166000,완료,2025-08-20
ORD-0396,user_158,홈리빙,51000,완료,2025-07-13
ORD-0397,user_831,패션,420000,반품,2025-07-30
ORD-0398,user_243,패션,30000,완료,2025-09-22
ORD-0399,user_160,식품,344000,취소,2025-08-26
ORD-0400,user_578,뷰티,154000,완료,2025-09-21
ORD-0401,user_705,뷰티,384000,취소,2025-09-09
ORD-0402,user_382,뷰티,263000,취소,2025-09-21
ORD-0403,user_918,식품,248000,완료,2025-08-29
ORD-0404,user_891,식품,14000,취소,2025-09-17
ORD-0405,user_473,식품,252000,취소,2025-08-28
ORD-0406,user_191,홈리빙,191000,완료,2025-09-01
ORD-0407,user_312,식품,45000,반품,2025-09-10
ORD-0408,user_387,전자기기,209000,완료,2025-08-05
ORD-0409,user_804,식품,242000,완료,2025-07-21
ORD-0410,user_295,전자기기,46000,완료,2025-07-18
ORD-0411,user_619,뷰티,414000,취소,2025-07-09
ORD-0412,user_294,식품,274000,완료,2025-08-27
ORD-0413,user_738,홈리빙,394000,취소,2025-08-29
ORD-0414,user_216,패션,443000,완료,2025-08-29
ORD-0415,user_718,홈리빙,217000,취소,2025-09-04
ORD-0416,user_954,패션,123000,완료,2025-09-22
ORD-0417,user_810,식품,213000,완료,2025-09-01
ORD-0418,user_439,패션,14000,취소,2025-07-10
ORD-0419,user_581,패션,400000,취소,2025-07-10
ORD-0420,user_896,식품,312000,완료,2025-08-18
ORD-0421,user_499,홈리빙,460000,취소,2025-08-19
ORD-0422,user_524,전자기기,254000,취소,2025-08-01
ORD-0423,user_625,패션,183000,취소,2025-07-10
ORD-0424,user_243,식품,255000,취소,2025-08-02
ORD-0425,user_501,홈리빙,416000,완료,2025-08-29
ORD-0426,user_903,홈리빙,352000,취소,2025-09-05
ORD-0427,user_635,홈리빙,336000,취소,2025-08-21
ORD-0428,user_529,전자기기,234000,완료,2025-08-10
ORD-0429,user_470,홈리빙,141000,완료,2025-08-25
ORD-0430,user_230,전자기기,343000,완료,2025-08-13
ORD-0431,user_134,홈리빙,67000,완료,2025-08-23
ORD-0432,user_191,전자기기,122000,완료,2025-08-20
ORD-0433,user_479,식품,177000,완료,2025-07-03
ORD-0434,user_645,패션,397000,완료,2025-08-14
ORD-0435,user_264,패션,346000,완료,2025-08-07
ORD-0436,user_731,식품,251000,반품,2025-08-24
ORD-0437,user_397,홈리빙,388000,완료,2025-07-08
ORD-0438,user_170,홈리빙,313000,완료,2025-08-21
ORD-0439,user_861,전자기기,69000,완료,2025-08-14
ORD-0440,user_211,홈리빙,357000,완료,2025-09-01
ORD-0441,user_730,식품,197000,반품,2025-09-19
ORD-0442,user_681,전자기기,255000,완료,2025-07-18
ORD-0443,user_232,식품,76000,완료,2025-09-07
ORD-0444,user_796,패션,402000,완료,2025-07-10
ORD-0445,user_554,전자기기,320000,완료,2025-08-27
ORD-0446,user_290,홈리빙,372000,취소,2025-08-26
ORD-0447,user_347,전자기기,413000,완료,2025-09-10
ORD-0448,user_922,식품,483000,완료,2025-09-19
ORD-0449,user_432,전자기기,249000,취소,2025-08-24
ORD-0450,user_750,뷰티,378000,완료,2025-07-14
ORD-0451,user_378,뷰티,333000,완료,2025-07-15
ORD-0452,user_216,뷰티,317000,완료,2025-08-27
ORD-0453,user_127,패션,138000,완료,2025-07-11
ORD-0454,user_686,전자기기,334000,완료,2025-09-07
ORD-0455,user_787,홈리빙,412000,완료,2025-09-21
ORD-0456,user_499,홈리빙,269000,완료,2025-08-22
ORD-0457,user_837,식품,263000,완료,2025-09-02
ORD-0458,user_644,뷰티,208000,반품,2025-07-08
ORD-0459,user_687,식품,448000,반품,2025-08-17
ORD-0460,user_338,패션,499000,반품,2025-08-28
ORD-0461,user_412,전자기기,421000,취소,2025-07-12
ORD-0462,user_527,패션,239000,완료,2025-09-19
ORD-0463,user_253,패션,415000,취소,2025-08-18
ORD-0464,user_357,뷰티,23000,완료,2025-08-12
ORD-0465,user_461,식품,376000,완료,2025-07-05
ORD-0466,user_644,뷰티,227000,완료,2025-08-13
ORD-0467,user_908,식품,159000,취소,2025-07-07
ORD-0468,user_349,뷰티,310000,완료,2025-09-06
ORD-0469,user_483,식품,126000,완료,2025-08-11
ORD-0470,user_258,뷰티,322000,취소,2025-07-12
ORD-0471,user_769,전자기기,78000,취소,2025-08-03
ORD-0472,user_595,뷰티,92000,완료,2025-07-16
ORD-0473,user_508,뷰티,378000,완료,2025-08-04
ORD-0474,user_906,뷰티,100000,완료,2025-09-18
ORD-0475,user_696,식품,309000,취소,2025-07-20
ORD-0476,user_813,홈리빙,253000,완료,2025-08-25
ORD-0477,user_106,전자기기,218000,완료,2025-07-07
ORD-0478,user_951,뷰티,437000,완료,2025-08-07
ORD-0479,user_595,전자기기,92000,취소,2025-09-03
ORD-0480,user_598,식품,316000,취소,2025-07-27
ORD-0481,user_122,홈리빙,270000,반품,2025-08-28
ORD-0482,user_554,홈리빙,452000,완료,2025-08-21
ORD-0483,user_592,식품,153000,완료,2025-08-23
ORD-0484,user_698,전자기기,321000,취소,2025-08-15
ORD-0485,user_670,식품,380000,완료,2025-09-09
ORD-0486,user_732,홈리빙,180000,완료,2025-07-15
ORD-0487,user_873,홈리빙,120000,반품,2025-08-01
ORD-0488,user_657,뷰티,214000,완료,2025-07-31
ORD-0489,user_712,패션,191000,완료,2025-08-05
ORD-0490,user_482,홈리빙,439000,취소,2025-09-27
ORD-0491,user_956,식품,52000,완료,2025-08-03
ORD-0492,user_820,식품,389000,완료,2025-08-01
ORD-0493,user_388,홈리빙,150000,완료,2025-07-21
ORD-0494,user_258,뷰티,183000,반품,2025-09-23
ORD-0495,user_281,홈리빙,276000,완료,2025-08-17
ORD-0496,user_913,홈리빙,290000,완료,2025-08-20
ORD-0497,user_241,홈리빙,19000,완료,2025-07-08
ORD-0498,user_785,홈리빙,339000,완료,2025-09-12
ORD-0499,user_276,패션,45000,완료,2025-07-12
ORD-0500,user_546,홈리빙,410000,반품,2025-08-23
ORD-0501,user_409,홈리빙,312000,반품,2025-08-09
ORD-0502,user_310,뷰티,41000,완료,2025-07-20
ORD-0503,user_767,패션,384000,반품,2025-08-11
ORD-0504,user_920,패션,235000,완료,2025-07-24
ORD-0505,user_574,식품,391000,완료,2025-09-25
ORD-0506,user_380,뷰티,294000,취소,2025-07-12
ORD-0507,user_630,홈리빙,288000,취소,2025-08-20
ORD-0508,user_498,뷰티,148000,완료,2025-07-26
ORD-0509,user_643,뷰티,246000,완료,2025-09-01
ORD-0510,user_718,패션,39000,완료,2025-09-07
ORD-0511,user_184,식품,492000,완료,2025-08-27
ORD-0512,user_122,패션,235000,반품,2025-09-11
ORD-0513,user_656,뷰티,114000,취소,2025-07-29
ORD-0514,user_365,패션,105000,완료,2025-09-25
ORD-0515,user_393,식품,311000,완료,2025-08-09
ORD-0516,user_392,패션,160000,취소,2025-08-09
ORD-0517,user_843,홈리빙,80000,완료,2025-07-25
ORD-0518,user_910,뷰티,188000,완료,2025-09-28
ORD-0519,user_714,식품,391000,완료,2025-07-26
ORD-0520,user_268,패션,231000,완료,2025-09-03
ORD-0521,user_744,식품,293000,완료,2025-07-10
ORD-0522,user_521,홈리빙,461000,완료,2025-09-10
ORD-0523,user_538,식품,443000,완료,2025-07-07
ORD-0524,user_368,뷰티,426000,취소,2025-08-09
ORD-0525,user_490,홈리빙,322000,완료,2025-09-04
ORD-0526,user_540,패션,340000,완료,2025-07-02
ORD-0527,user_432,식품,272000,반품,2025-09-08
ORD-0528,user_882,전자기기,403000,완료,2025-07-01
ORD-0529,user_988,식품,158000,완료,2025-07-19
ORD-0530,user_607,전자기기,175000,취소,2025-09-22
ORD-0531,user_580,홈리빙,21000,완료,2025-07-04
ORD-0532,user_383,전자기기,142000,취소,2025-08-20
ORD-0533,user_509,전자기기,384000,취소,2025-08-12
ORD-0534,user_296,식품,353000,완료,2025-09-13
ORD-0535,user_695,식품,465000,완료,2025-08-18
ORD-0536,user_281,뷰티,30000,완료,2025-08-16
ORD-0537,user_968,패션,388000,취소,2025-09-28
ORD-0538,user_532,패션,65000,완료,2025-09-27
ORD-0539,user_292,전자기기,263000,완료,2025-08-11
ORD-0540,user_843,패션,486000,취소,2025-07-07
ORD-0541,user_341,패션,414000,완료,2025-09-19
ORD-0542,user_610,패션,486000,완료,2025-09-15
ORD-0543,user_258,패션,373000,완료,2025-08-30
ORD-0544,user_949,식품,448000,반품,2025-07-02
ORD-0545,user_548,패션,419000,완료,2025-07-30
ORD-0546,user_162,패션,456000,취소,2025-09-16
ORD-0547,user_995,전자기기,348000,반품,2025-08-09
ORD-0548,user_895,패션,173000,취소,2025-08-28
ORD-0549,user_894,패션,339000,완료,2025-07-22
ORD-0550,user_478,뷰티,434000,완료,2025-08-06
ORD-0551,user_504,패션,442000,완료,2025-08-19
ORD-0552,user_390,뷰티,287000,취소,2025-08-25
ORD-0553,user_728,전자기기,448000,완료,2025-09-05
ORD-0554,user_848,패션,191000,완료,2025-09-22
ORD-0555,user_229,식품,398000,완료,2025-09-20
ORD-0556,user_269,전자기기,364000,완료,2025-09-12
ORD-0557,user_272,식품,107000,완료,2025-07-21
ORD-0558,user_635,패션,287000,완료,2025-08-17
ORD-0559,user_974,패션,354000,반품,2025-07-25
ORD-0560,user_157,홈리빙,430000,완료,2025-09-26
ORD-0561,user_221,뷰티,202000,취소,2025-08-12
ORD-0562,user_827,홈리빙,487000,완료,2025-08-03
ORD-0563,user_152,홈리빙,61000,취소,2025-08-19
ORD-0564,user_454,뷰티,293000,완료,2025-07-13
ORD-0565,user_273,뷰티,263000,완료,2025-08-31
ORD-0566,user_612,패션,381000,완료,2025-07-21
ORD-0567,user_939,전자기기,432000,취소,2025-08-07
ORD-0568,user_658,식품,176000,완료,2025-07-18
ORD-0569,user_799,전자기기,468000,완료,2025-08-15
ORD-0570,user_927,전자기기,199000,취소,2025-08-13
ORD-0571,user_432,식품,364000,완료,2025-09-14
ORD-0572,user_605,뷰티,359000,완료,2025-09-29
ORD-0573,user_819,패션,36000,완료,2025-08-04
ORD-0574,user_866,뷰티,30000,반품,2025-09-14
ORD-0575,user_442,뷰티,429000,완료,2025-07-28
ORD-0576,user_501,뷰티,141000,반품,2025-08-26
ORD-0577,user_120,뷰티,156000,취소,2025-09-23
ORD-0578,user_279,전자기기,34000,취소,2025-07-25
ORD-0579,user_815,홈리빙,434000,취소,2025-08-23
ORD-0580,user_810,뷰티,285000,완료,2025-09-16
ORD-0581,user_518,뷰티,300000,완료,2025-08-31
ORD-0582,user_609,뷰티,332000,완료,2025-07-15
ORD-0583,user_998,전자기기,290000,취소,2025-09-19
ORD-0584,user_310,뷰티,289000,완료,2025-07-05
ORD-0585,user_736,패션,214000,완료,2025-07-17
ORD-0586,user_461,패션,157000,취소,2025-08-01
ORD-0587,user_587,전자기기,394000,완료,2025-08-12
ORD-0588,user_717,전자기기,401000,취소,2025-09-19
ORD-0589,user_718,홈리빙,386000,완료,2025-09-22
ORD-0590,user_947,패션,294000,취소,2025-08-10
ORD-0591,user_177,뷰티,112000,완료,2025-07-26
ORD-0592,user_165,식품,67000,취소,2025-08-08
ORD-0593,user_375,패션,473000,완료,2025-07-28
ORD-0594,user_467,뷰티,455000,완료,2025-08-15
ORD-0595,user_707,뷰티,444000,완료,2025-07-07
ORD-0596,user_125,전자기기,284000,완료,2025-09-13
ORD-0597,user_883,식품,121000,완료,2025-08-03
ORD-0598,user_564,뷰티,365000,완료,2025-07-18
ORD-0599,user_856,홈리빙,166000,완료,2025-08-05
ORD-0600,user_285,패션,137000,완료,2025-09-29
ORD-0601,user_229,홈리빙,124000,완료,2025-07-13
ORD-0602,user_730,패션,47000,취소,2025-09-10
ORD-0603,user_173,식품,135000,완료,2025-09-13
ORD-0604,user_118,뷰티,63000,완료,2025-09-03
ORD-0605,user_421,전자기기,176000,완료,2025-09-09
ORD-0606,user_719,뷰티,128000,완료,2025-09-17
ORD-0607,user_426,홈리빙,39000,완료,2025-08-19
ORD-0608,user_909,전자기기,427000,반품,2025-09-03
ORD-0609,user_205,뷰티,229000,완료,2025-09-09
ORD-0610,user_579,홈리빙,18000,완료,2025-08-03
ORD-0611,user_267,뷰티,147000,취소,2025-08-20
ORD-0612,user_500,홈리빙,93000,완료,2025-08-21
ORD-0613,user_749,뷰티,96000,완료,2025-09-17
ORD-0614,user_979,전자기기,91000,완료,2025-07-04
ORD-0615,user_482,패션,466000,완료,2025-09-05
ORD-0616,user_998,홈리빙,84000,완료,2025-07-18
ORD-0617,user_241,패션,68000,완료,2025-09-10
ORD-0618,user_299,식품,329000,완료,2025-08-30
ORD-0619,user_402,전자기기,148000,취소,2025-09-29
ORD-0620,user_909,뷰티,68000,완료,2025-07-01
ORD-0621,user_523,패션,354000,완료,2025-08-28
ORD-0622,user_308,식품,490000,취소,2025-07-15
ORD-0623,user_489,식품,36000,취소,2025-08-03
ORD-0624,user_242,식품,195000,완료,2025-07-08
ORD-0625,user_619,홈리빙,440000,완료,2025-08-27
ORD-0626,user_282,패션,314000,완료,2025-09-14
ORD-0627,user_716,뷰티,436000,취소,2025-08-10
ORD-0628,user_973,전자기기,166000,완료,2025-08-22
ORD-0629,user_778,뷰티,273000,완료,2025-08-19
ORD-0630,user_776,전자기기,225000,완료,2025-09-14
ORD-0631,user_761,전자기기,447000,완료,2025-07-18
ORD-0632,user_496,홈리빙,248000,완료,2025-07-05
ORD-0633,user_694,패션,429000,완료,2025-08-16
ORD-0634,user_133,홈리빙,373000,완료,2025-07-17
ORD-0635,user_431,식품,145000,취소,2025-08-24
ORD-0636,user_184,식품,345000,완료,2025-08-29
ORD-0637,user_128,전자기기,406000,취소,2025-08-25
ORD-0638,user_611,전자기기,432000,완료,2025-08-20
ORD-0639,user_982,식품,488000,취소,2025-07-18
ORD-0640,user_192,전자기기,239000,완료,2025-08-20
ORD-0641,user_361,뷰티,375000,완료,2025-08-20
ORD-0642,user_777,식품,322000,완료,2025-07-05
ORD-0643,user_423,패션,367000,반품,2025-08-12
ORD-0644,user_981,패션,114000,완료,2025-08-12
ORD-0645,user_592,식품,370000,완료,2025-07-03
ORD-0646,user_648,패션,378000,완료,2025-08-29
ORD-0647,user_300,뷰티,373000,반품,2025-08-21
ORD-0648,user_763,식품,24000,완료,2025-08-29
ORD-0649,user_192,전자기기,169000,취소,2025-09-09
ORD-0650,user_104,식품,39000,완료,2025-07-19
ORD-0651,user_107,식품,451000,완료,2025-09-26
ORD-0652,user_987,식품,413000,완료,2025-08-20
ORD-0653,user_528,홈리빙,201000,완료,2025-07-21
ORD-0654,user_580,식품,291000,완료,2025-09-04
ORD-0655,user_750,뷰티,498000,반품,2025-08-23
ORD-0656,user_863,뷰티,353000,취소,2025-07-06
ORD-0657,user_942,패션,86000,완료,2025-08-03
ORD-0658,user_757,뷰티,403000,반품,2025-09-01
ORD-0659,user_740,패션,259000,반품,2025-07-27
ORD-0660,user_789,전자기기,350000,취소,2025-09-16
ORD-0661,user_455,뷰티,364000,취소,2025-09-13
ORD-0662,user_383,뷰티,182000,완료,2025-08-22
ORD-0663,user_228,식품,262000,완료,2025-07-27
ORD-0664,user_263,홈리빙,377000,완료,2025-07-22
ORD-0665,user_360,식품,90000,취소,2025-08-05
ORD-0666,user_836,식품,182000,완료,2025-07-02
ORD-0667,user_581,전자기기,477000,완료,2025-09-29
ORD-0668,user_343,패션,20000,완료,2025-07-05
ORD-0669,user_740,식품,418000,완료,2025-08-25
ORD-0670,user_392,뷰티,169000,반품,2025-07-26
ORD-0671,user_350,패션,415000,취소,2025-07-30
ORD-0672,user_581,패션,493000,완료,2025-08-31
ORD-0673,user_293,전자기기,157000,반품,2025-08-11
ORD-0674,user_668,뷰티,69000,완료,2025-09-27
ORD-0675,user_220,식품,99000,완료,2025-08-04
ORD-0676,user_393,홈리빙,422000,취소,2025-08-01
ORD-0677,user_887,식품,337000,완료,2025-07-15
ORD-0678,user_747,식품,241000,완료,2025-09-14
ORD-0679,user_365,패션,368000,완료,2025-09-20
ORD-0680,user_376,식품,165000,완료,2025-09-21
ORD-0681,user_517,패션,428000,완료,2025-07-10
ORD-0682,user_661,홈리빙,116000,완료,2025-09-24
ORD-0683,user_245,홈리빙,341000,취소,2025-08-26
ORD-0684,user_264,식품,135000,완료,2025-09-12
ORD-0685,user_519,패션,491000,완료,2025-07-04
ORD-0686,user_382,홈리빙,378000,반품,2025-07-17
ORD-0687,user_322,식품,95000,취소,2025-07-26
ORD-0688,user_989,홈리빙,172000,취소,2025-07-08
ORD-0689,user_226,패션,452000,완료,2025-08-29
ORD-0690,user_422,뷰티,429000,완료,2025-09-18
ORD-0691,user_688,식품,315000,완료,2025-07-27
ORD-0692,user_777,패션,372000,완료,2025-07-10
ORD-0693,user_121,식품,494000,취소,2025-08-27
ORD-0694,user_267,전자기기,323000,완료,2025-09-14
ORD-0695,user_622,전자기기,201000,완료,2025-09-30
ORD-0696,user_514,전자기기,400000,완료,2025-07-30
ORD-0697,user_192,패션,112000,취소,2025-09-04
ORD-0698,user_578,패션,330000,완료,2025-08-16
ORD-0699,user_231,패션,482000,완료,2025-07-28
ORD-0700,user_108,식품,409000,완료,2025-08-13
ORD-0701,user_815,식품,20000,완료,2025-07-02
ORD-0702,user_254,전자기기,173000,취소,2025-09-06
ORD-0703,user_790,홈리빙,287000,완료,2025-09-22
ORD-0704,user_617,패션,254000,취소,2025-07-04
ORD-0705,user_917,홈리빙,122000,완료,2025-07-18
ORD-0706,user_614,뷰티,344000,완료,2025-07-12
ORD-0707,user_643,전자기기,449000,완료,2025-07-05
ORD-0708,user_363,뷰티,389000,완료,2025-08-13
ORD-0709,user_803,식품,377000,완료,2025-07-15
ORD-0710,user_344,패션,435000,완료,2025-08-25
ORD-0711,user_103,뷰티,77000,완료,2025-09-27
ORD-0712,user_730,식품,74000,완료,2025-08-08
ORD-0713,user_995,홈리빙,405000,취소,2025-07-24
ORD-0714,user_582,식품,402000,완료,2025-09-12
ORD-0715,user_861,전자기기,249000,완료,2025-08-17
ORD-0716,user_846,뷰티,396000,완료,2025-09-01
ORD-0717,user_115,홈리빙,399000,취소,2025-07-06
ORD-0718,user_392,패션,243000,반품,2025-08-23
ORD-0719,user_860,식품,163000,완료,2025-08-29
ORD-0720,user_767,홈리빙,126000,완료,2025-07-10
ORD-0721,user_768,패션,308000,완료,2025-09-21
ORD-0722,user_219,뷰티,376000,완료,2025-09-23
ORD-0723,user_536,전자기기,342000,완료,2025-09-03
ORD-0724,user_276,뷰티,329000,완료,2025-08-09
ORD-0725,user_416,식품,325000,완료,2025-09-10
ORD-0726,user_604,전자기기,273000,취소,2025-09-10
ORD-0727,user_386,식품,372000,취소,2025-08-13
ORD-0728,user_623,패션,403000,완료,2025-07-14
ORD-0729,user_107,식품,327000,완료,2025-09-06
ORD-0730,user_959,패션,11000,반품,2025-07-30
ORD-0731,user_219,뷰티,143000,완료,2025-07-08
ORD-0732,user_417,전자기기,31000,완료,2025-09-22
ORD-0733,user_435,식품,372000,완료,2025-07-18
ORD-0734,user_226,식품,287000,완료,2025-08-03
ORD-0735,user_472,패션,489000,취소,2025-07-10
ORD-0736,user_341,전자기기,453000,완료,2025-08-02
ORD-0737,user_578,식품,464000,완료,2025-08-21
ORD-0738,user_208,홈리빙,118000,완료,2025-08-17
ORD-0739,user_464,패션,390000,완료,2025-09-11
ORD-0740,user_856,뷰티,487000,완료,2025-09-08
ORD-0741,user_250,뷰티,391000,완료,2025-07-13
ORD-0742,user_977,전자기기,416000,완료,2025-09-02
ORD-0743,user_915,홈리빙,194000,완료,2025-09-12
ORD-0744,user_748,뷰티,362000,완료,2025-09-20
ORD-0745,user_107,식품,426000,완료,2025-08-22
ORD-0746,user_348,뷰티,332000,완료,2025-09-16
ORD-0747,user_353,식품,41000,완료,2025-09-22
ORD-0748,user_885,뷰티,215000,완료,2025-08-02
ORD-0749,user_804,식품,132000,완료,2025-07-02
ORD-0750,user_306,식품,118000,반품,2025-09-28
ORD-0751,user_937,전자기기,17000,완료,2025-07-02
ORD-0752,user_694,전자기기,141000,취소,2025-09-19
ORD-0753,user_875,홈리빙,73000,완료,2025-08-19
ORD-0754,user_244,홈리빙,479000,완료,2025-09-25
ORD-0755,user_168,패션,488000,반품,2025-07-10
ORD-0756,user_438,패션,158000,취소,2025-09-06
ORD-0757,user_215,패션,404000,완료,2025-07-28
ORD-0758,user_644,식품,360000,완료,2025-09-15
ORD-0759,user_973,패션,270000,취소,2025-08-11
ORD-0760,user_902,홈리빙,473000,완료,2025-08-14
ORD-0761,user_989,식품,378000,취소,2025-07-31
ORD-0762,user_536,홈리빙,74000,완료,2025-07-07
ORD-0763,user_731,홈리빙,376000,취소,2025-08-07
ORD-0764,user_454,패션,458000,취소,2025-08-03
ORD-0765,user_472,홈리빙,253000,완료,2025-08-25
ORD-0766,user_419,전자기기,206000,취소,2025-08-02
ORD-0767,user_543,패션,95000,완료,2025-08-17
ORD-0768,user_738,식품,265000,완료,2025-08-31
ORD-0769,user_316,전자기기,358000,반품,2025-07-25
ORD-0770,user_136,전자기기,438000,완료,2025-07-05
ORD-0771,user_493,식품,104000,완료,2025-08-15
ORD-0772,user_130,패션,222000,완료,2025-08-30
ORD-0773,user_668,전자기기,357000,완료,2025-09-22
ORD-0774,user_270,홈리빙,263000,완료,2025-07-06
ORD-0775,user_570,홈리빙,414000,완료,2025-07-21
ORD-0776,user_762,패션,292000,완료,2025-07-20
ORD-0777,user_274,전자기기,322000,완료,2025-08-03
ORD-0778,user_929,식품,20000,완료,2025-07-09
ORD-0779,user_531,홈리빙,180000,완료,2025-07-29
ORD-0780,user_752,홈리빙,347000,완료,2025-08-22
ORD-0781,user_683,식품,258000,완료,2025-08-14
ORD-0782,user_880,전자기기,396000,취소,2025-07-25
ORD-0783,user_875,홈리빙,34000,완료,2025-08-06
ORD-0784,user_686,홈리빙,163000,반품,2025-08-10
ORD-0785,user_815,홈리빙,401000,완료,2025-09-10
ORD-0786,user_643,전자기기,263000,반품,2025-07-05
ORD-0787,user_514,식품,137000,완료,2025-09-03
ORD-0788,user_878,패션,142000,완료,2025-09-12
ORD-0789,user_111,패션,381000,완료,2025-07-22
ORD-0790,user_379,패션,184000,완료,2025-08-14
ORD-0791,user_421,뷰티,350000,반품,2025-07-18
ORD-0792,user_431,패션,45000,완료,2025-09-03
ORD-0793,user_115,전자기기,392000,취소,2025-09-26
ORD-0794,user_812,전자기기,407000,취소,2025-08-22
ORD-0795,user_942,패션,150000,완료,2025-07-18
ORD-0796,user_102,전자기기,486000,완료,2025-09-04
ORD-0797,user_761,홈리빙,369000,완료,2025-09-04
ORD-0798,user_331,홈리빙,308000,반품,2025-07-23
ORD-0799,user_370,패션,98000,완료,2025-07-12
ORD-0800,user_624,홈리빙,260000,완료,2025-08-17
ORD-0801,user_591,식품,390000,완료,2025-07-15
ORD-0802,user_381,전자기기,280000,완료,2025-07-20
ORD-0803,user_602,홈리빙,359000,완료,2025-07-11
ORD-0804,user_962,패션,280000,취소,2025-08-10
ORD-0805,user_282,전자기기,143000,반품,2025-08-15
ORD-0806,user_205,뷰티,208000,완료,2025-09-27
ORD-0807,user_531,식품,393000,완료,2025-09-21
ORD-0808,user_429,뷰티,53000,취소,2025-08-13
ORD-0809,user_601,뷰티,383000,반품,2025-09-28
ORD-0810,user_948,홈리빙,156000,취소,2025-08-14
ORD-0811,user_882,뷰티,236000,완료,2025-08-02
ORD-0812,user_381,패션,298000,완료,2025-07-17
ORD-0813,user_859,패션,121000,완료,2025-09-05
ORD-0814,user_943,패션,90000,취소,2025-08-07
ORD-0815,user_602,패션,226000,완료,2025-08-08
ORD-0816,user_139,전자기기,248000,반품,2025-07-28
ORD-0817,user_597,뷰티,446000,완료,2025-09-05
ORD-0818,user_262,식품,36000,완료,2025-07-10
ORD-0819,user_104,식품,195000,완료,2025-08-22
ORD-0820,user_107,홈리빙,409000,완료,2025-07-27
ORD-0821,user_147,패션,84000,취소,2025-08-21
ORD-0822,user_793,홈리빙,261000,완료,2025-09-17
ORD-0823,user_489,식품,221000,완료,2025-08-11
ORD-0824,user_927,식품,345000,완료,2025-09-16
ORD-0825,user_484,전자기기,427000,완료,2025-08-12
ORD-0826,user_832,패션,74000,완료,2025-07-10
ORD-0827,user_163,식품,149000,완료,2025-08-16
ORD-0828,user_876,식품,150000,반품,2025-07-22
ORD-0829,user_226,전자기기,335000,완료,2025-09-09
ORD-0830,user_297,패션,440000,반품,2025-08-14
ORD-0831,user_486,뷰티,115000,완료,2025-07-08
ORD-0832,user_864,식품,361000,취소,2025-09-21
ORD-0833,user_291,식품,282000,취소,2025-08-15
ORD-0834,user_771,식품,256000,반품,2025-07-11
ORD-0835,user_673,홈리빙,403000,완료,2025-07-04
ORD-0836,user_923,뷰티,14000,완료,2025-09-29
ORD-0837,user_359,패션,140000,완료,2025-09-10
ORD-0838,user_567,전자기기,408000,완료,2025-08-22
ORD-0839,user_718,전자기기,109000,취소,2025-08-02
ORD-0840,user_876,홈리빙,52000,취소,2025-08-28
ORD-0841,user_427,식품,150000,반품,2025-07-08
ORD-0842,user_154,전자기기,130000,취소,2025-09-17
ORD-0843,user_688,패션,445000,완료,2025-08-11
ORD-0844,user_596,홈리빙,149000,완료,2025-09-24
ORD-0845,user_874,홈리빙,70000,완료,2025-09-26
ORD-0846,user_189,홈리빙,64000,완료,2025-08-01
ORD-0847,user_737,식품,173000,완료,2025-09-27
ORD-0848,user_555,뷰티,371000,완료,2025-07-31
ORD-0849,user_296,패션,305000,취소,2025-07-03
ORD-0850,user_448,전자기기,212000,완료,2025-09-02
ORD-0851,user_569,전자기기,457000,완료,2025-08-16
ORD-0852,user_673,뷰티,247000,완료,2025-07-31
ORD-0853,user_313,전자기기,219000,완료,2025-07-25
ORD-0854,user_945,전자기기,248000,완료,2025-08-31
ORD-0855,user_577,뷰티,179000,완료,2025-09-10
ORD-0856,user_723,뷰티,159000,완료,2025-08-22
ORD-0857,user_666,뷰티,210000,완료,2025-09-15
ORD-0858,user_430,전자기기,15000,취소,2025-09-05
ORD-0859,user_837,뷰티,345000,완료,2025-07-08
ORD-0860,user_875,홈리빙,212000,반품,2025-08-14
ORD-0861,user_558,뷰티,133000,완료,2025-07-06
ORD-0862,user_565,패션,36000,완료,2025-09-28
ORD-0863,user_148,식품,128000,완료,2025-09-25
ORD-0864,user_746,홈리빙,438000,완료,2025-07-18
ORD-0865,user_832,패션,317000,완료,2025-08-20
ORD-0866,user_275,패션,26000,완료,2025-07-15
ORD-0867,user_249,뷰티,442000,완료,2025-09-10
ORD-0868,user_227,뷰티,462000,완료,2025-07-25
ORD-0869,user_191,전자기기,275000,완료,2025-09-12
ORD-0870,user_884,뷰티,496000,완료,2025-09-29
ORD-0871,user_613,홈리빙,264000,반품,2025-07-13
ORD-0872,user_494,패션,378000,완료,2025-07-18
ORD-0873,user_514,식품,168000,완료,2025-08-26
ORD-0874,user_745,식품,83000,완료,2025-09-01
ORD-0875,user_681,뷰티,79000,완료,2025-07-10
ORD-0876,user_260,홈리빙,401000,취소,2025-07-27
ORD-0877,user_631,패션,488000,완료,2025-07-11
ORD-0878,user_450,식품,251000,완료,2025-09-04
ORD-0879,user_650,전자기기,48000,완료,2025-08-07
ORD-0880,user_849,뷰티,324000,완료,2025-09-30
ORD-0881,user_637,전자기기,464000,완료,2025-09-21
ORD-0882,user_873,홈리빙,285000,완료,2025-08-29
ORD-0883,user_472,홈리빙,85000,완료,2025-07-30
ORD-0884,user_149,식품,96000,완료,2025-08-13
ORD-0885,user_762,홈리빙,477000,완료,2025-09-17
ORD-0886,user_290,패션,218000,반품,2025-09-22
ORD-0887,user_828,뷰티,432000,취소,2025-07-10
ORD-0888,user_498,패션,263000,취소,2025-08-20
ORD-0889,user_169,홈리빙,383000,취소,2025-07-20
ORD-0890,user_917,전자기기,107000,완료,2025-08-08
ORD-0891,user_805,뷰티,487000,취소,2025-07-28
ORD-0892,user_461,전자기기,145000,완료,2025-08-07
ORD-0893,user_848,뷰티,212000,완료,2025-09-11
ORD-0894,user_270,식품,188000,반품,2025-07-08
ORD-0895,user_555,홈리빙,209000,완료,2025-09-15
ORD-0896,user_954,식품,390000,취소,2025-09-21
ORD-0897,user_241,식품,190000,반품,2025-07-23
ORD-0898,user_226,식품,171000,완료,2025-07-10
ORD-0899,user_310,홈리빙,230000,완료,2025-09-18
ORD-0900,user_417,뷰티,495000,취소,2025-07-19
ORD-0901,user_624,전자기기,473000,반품,2025-08-18
ORD-0902,user_897,식품,448000,취소,2025-09-05
ORD-0903,user_372,식품,104000,반품,2025-07-12
ORD-0904,user_494,전자기기,19000,완료,2025-09-24
ORD-0905,user_998,뷰티,257000,취소,2025-09-11
ORD-0906,user_959,뷰티,251000,완료,2025-08-07
ORD-0907,user_864,식품,57000,반품,2025-09-22
ORD-0908,user_847,패션,153000,완료,2025-07-09
ORD-0909,user_657,전자기기,482000,반품,2025-07-03
ORD-0910,user_371,식품,199000,취소,2025-09-28
ORD-0911,user_261,전자기기,45000,완료,2025-08-16
ORD-0912,user_319,홈리빙,462000,취소,2025-07-26
ORD-0913,user_133,전자기기,464000,반품,2025-07-31
ORD-0914,user_110,패션,86000,완료,2025-08-26
ORD-0915,user_425,뷰티,43000,취소,2025-09-15
ORD-0916,user_619,홈리빙,361000,완료,2025-07-13
ORD-0917,user_100,전자기기,309000,반품,2025-08-05
ORD-0918,user_878,패션,382000,완료,2025-09-27
ORD-0919,user_640,홈리빙,149000,취소,2025-07-30
ORD-0920,user_927,홈리빙,438000,취소,2025-07-23
ORD-0921,user_415,전자기기,305000,취소,2025-09-12
ORD-0922,user_410,패션,93000,완료,2025-09-07
ORD-0923,user_577,패션,58000,반품,2025-07-13
ORD-0924,user_398,패션,150000,완료,2025-09-23
ORD-0925,user_358,홈리빙,266000,반품,2025-09-30
ORD-0926,user_169,뷰티,111000,취소,2025-07-25
ORD-0927,user_919,뷰티,424000,취소,2025-08-04
ORD-0928,user_316,전자기기,480000,완료,2025-07-21
ORD-0929,user_770,홈리빙,377000,취소,2025-08-31
ORD-0930,user_716,전자기기,207000,완료,2025-08-07
ORD-0931,user_339,전자기기,24000,반품,2025-08-28
ORD-0932,user_170,전자기기,437000,완료,2025-09-03
ORD-0933,user_651,홈리빙,303000,완료,2025-08-20
ORD-0934,user_927,뷰티,107000,완료,2025-08-18
ORD-0935,user_796,전자기기,21000,완료,2025-09-17
ORD-0936,user_917,뷰티,198000,완료,2025-07-03
ORD-0937,user_179,전자기기,104000,반품,2025-09-18
ORD-0938,user_639,홈리빙,196000,취소,2025-07-11
ORD-0939,user_382,전자기기,291000,취소,2025-08-13
ORD-0940,user_512,홈리빙,244000,완료,2025-09-29
ORD-0941,user_648,전자기기,475000,완료,2025-08-08
ORD-0942,user_814,전자기기,319000,완료,2025-09-08
ORD-0943,user_746,전자기기,189000,완료,2025-07-11
ORD-0944,user_112,패션,55000,반품,2025-08-17
ORD-0945,user_316,패션,267000,완료,2025-08-22
ORD-0946,user_979,뷰티,21000,완료,2025-09-19
ORD-0947,user_999,홈리빙,334000,완료,2025-09-26
ORD-0948,user_780,홈리빙,411000,완료,2025-07-08
ORD-0949,user_745,뷰티,15000,반품,2025-08-03
ORD-0950,user_718,식품,275000,취소,2025-09-27
ORD-0951,user_318,뷰티,80000,완료,2025-08-28
ORD-0952,user_432,식품,195000,완료,2025-07-22
ORD-0953,user_222,뷰티,436000,취소,2025-08-12
ORD-0954,user_232,식품,253000,취소,2025-09-15
ORD-0955,user_313,전자기기,147000,완료,2025-09-26
ORD-0956,user_164,홈리빙,441000,완료,2025-08-23
ORD-0957,user_169,패션,101000,완료,2025-08-15
ORD-0958,user_214,뷰티,322000,완료,2025-08-13
ORD-0959,user_299,전자기기,487000,취소,2025-08-12
ORD-0960,user_650,뷰티,281000,취소,2025-08-22
ORD-0961,user_844,뷰티,187000,취소,2025-09-18
ORD-0962,user_825,뷰티,261000,완료,2025-09-09
ORD-0963,user_681,패션,52000,완료,2025-09-22
ORD-0964,user_899,전자기기,463000,완료,2025-07-04
ORD-0965,user_501,패션,123000,완료,2025-09-04
ORD-0966,user_799,뷰티,474000,완료,2025-09-04
ORD-0967,user_476,전자기기,442000,완료,2025-09-01
ORD-0968,user_430,패션,412000,취소,2025-08-19
ORD-0969,user_147,식품,85000,반품,2025-07-14
ORD-0970,user_418,전자기기,296000,반품,2025-08-21
ORD-0971,user_423,전자기기,233000,완료,2025-07-16
ORD-0972,user_906,홈리빙,434000,완료,2025-08-09
ORD-0973,user_443,뷰티,110000,완료,2025-08-07
ORD-0974,user_126,전자기기,143000,완료,2025-09-08
ORD-0975,user_521,뷰티,388000,완료,2025-07-25
ORD-0976,user_673,뷰티,416000,취소,2025-08-08
ORD-0977,user_605,홈리빙,255000,완료,2025-08-21
ORD-0978,user_344,패션,372000,완료,2025-08-21
ORD-0979,user_303,뷰티,388000,취소,2025-07-08
ORD-0980,user_788,패션,307000,완료,2025-07-01
ORD-0981,user_249,홈리빙,409000,완료,2025-08-28
ORD-0982,user_511,패션,238000,완료,2025-09-12
ORD-0983,user_211,패션,84000,반품,2025-07-08
ORD-0984,user_145,식품,429000,완료,2025-08-15
ORD-0985,user_158,식품,96000,완료,2025-07-01
ORD-0986,user_761,홈리빙,466000,반품,2025-07-11
ORD-0987,user_546,홈리빙,324000,완료,2025-08-08
ORD-0988,user_650,뷰티,304000,완료,2025-09-09
ORD-0989,user_165,식품,293000,완료,2025-07-01
ORD-0990,user_694,전자기기,97000,완료,2025-09-03
ORD-0991,user_526,패션,467000,완료,2025-09-01
ORD-0992,user_777,뷰티,462000,완료,2025-07-30
ORD-0993,user_956,홈리빙,436000,완료,2025-09-10
ORD-0994,user_493,홈리빙,82000,완료,2025-07-12
ORD-0995,user_383,전자기기,323000,취소,2025-07-26
ORD-0996,user_705,전자기기,50000,완료,2025-07-16
ORD-0997,user_979,식품,340000,완료,2025-08-12
ORD-0998,user_101,홈리빙,319000,완료,2025-08-24
ORD-0999,user_621,패션,451000,완료,2025-07-24
ORD-1000,user_574,뷰티,256000,완료,2025-07-14
